question,option_a,option_b,option_c,option_d,correct,explanation
"Soit $E$ un espace vectoriel sur $\mathbb{R}$. Une application $\|\cdot\| : E \to \mathbb{R}$ est une norme si et seulement si elle vérifie, pour tous $x, y \in E$ et $\lambda \in \mathbb{R}$ :","$\|x\| \geq 0$, $\|x\|=0 \Rightarrow x=0$, $\|\lambda x\|=|\lambda|\|x\|$, $\|x+y\| < \|x\|+\|y\|$","$\|x\| > 0$, $\|x\|=0 \Rightarrow x=0$, $\|\lambda x\|=\lambda\|x\|$, $\|x+y\| \leq \|x\|+\|y\|$","$\|x\| \geq 0$, $x=0 \Rightarrow \|x\|=0$, $\|\lambda x\|=|\lambda|\|x\|$, $\|x+y\| \leq \|x\|+\|y\|$","$\|x\| \geq 0$, $\|x\|=0 \Rightarrow x=0$, $\|\lambda x\|=|\lambda|\|x\|$, $\|x+y\| \leq \|x\|+\|y\|$",D,Une norme sur $E$ doit vérifier quatre axiomes essentiels : <br>1. La positivité : $\|x\| \geq 0$. <br>2. La séparation : $\|x\|=0 \iff x=0$. <br>3. L'homogénéité absolue : $\|\lambda x\| = |\lambda| \|x\|$ (avec la valeur absolue de $\lambda$). <br>4. L'inégalité triangulaire : $\|x+y\| \leq \|x\|+\|y\|$. Les autres options violent l'homogénéité (sans valeur absolue) ou l'inégalité triangulaire (stricte) ou la séparation (implication dans le mauvais sens).
"Dans $\mathbb{R}^n$, la norme 1 (notée $\|\cdot\|_1$) d'un vecteur $x = (x_1, \dots, x_n)$ est définie par :",$\|x\|_1 = \left(\sum_{i=1}^n |x_i|\right)^{1/2}$,$\|x\|_1 = \left(\sum_{i=1}^n |x_i|^2\right)^{1/2}$,$\|x\|_1 = \sum_{i=1}^n |x_i|$,$\|x\|_1 = \max_{1 \leq i \leq n} |x_i|$,C,"La norme $L_1$ d'un vecteur est la somme des valeurs absolues de ses composantes, soit $\|x\|_1 = \sum_{i=1}^n |x_i|$. L'option avec le max définit la norme $\|x\|_\infty$. L'option avec la racine de la somme des carrés définit la norme euclidienne $\|x\|_2$. La troisième option n'est pas homogène et ne définit pas une norme."
"Dans $\mathbb{R}^n$, la norme euclidienne (notée $\|\cdot\|_2$) d'un vecteur $x = (x_1, \dots, x_n)$ est définie par :",$\|x\|_2 = \sum_{i=1}^n |x_i|^2$,$\|x\|_2 = \left(\sum_{i=1}^n |x_i|\right)^{1/2}$,$\|x\|_2 = \max_{1 \leq i \leq n} |x_i|^2$,$\|x\|_2 = \left(\sum_{i=1}^n |x_i|^2\right)^{1/2}$,D,La norme euclidienne $\|x\|_2$ provient du produit scalaire canonique sur $\mathbb{R}^n$ et vaut $\sqrt{\sum x_i^2}$. La première option est le carré de la norme (qui ne vérifie pas l'homogénéité $\|\lambda x\| = |\lambda| \|x\|$). Les autres ne correspondent pas à la définition classique.
"Dans $\mathbb{R}^n$, la norme infini (notée $\|\cdot\|_\infty$) d'un vecteur $x = (x_1, \dots, x_n)$ est définie par :",$\|x\|_\infty = \sum_{i=1}^n |x_i|$,$\|x\|_\infty = \lim_{p \to \infty} \sum_{i=1}^n |x_i|^p$,$\|x\|_\infty = \max_{1 \leq i \leq n} |x_i|$,$\|x\|_\infty = \left(\sum_{i=1}^n |x_i|\right)^{1/2}$,C,"La norme infini $\|x\|_\infty$ correspond au maximum des valeurs absolues des coordonnées du vecteur : $\|x\|_\infty = \max_{i} |x_i|$. Les autres options représentent respectivement la norme $\|x\|_1$, une expression divergente ou non homogène."
"L'inégalité de Cauchy-Schwarz dans $\mathbb{R}^n$ affirme que pour tous vecteurs $x, y \in \mathbb{R}^n$ :","$|\langle x, y \rangle| \leq \|x\|_1 \cdot \|y\|_1$","$|\langle x, y \rangle| \leq \|x\|_\infty \cdot \|y\|_\infty$","$|\langle x, y \rangle| \geq \|x\|_2 \cdot \|y\|_2$","$|\langle x, y \rangle| \leq \|x\|_2 \cdot \|y\|_2$",D,"L'inégalité de Cauchy-Schwarz relie le produit scalaire canonique $\langle x, y \rangle$ à la norme euclidienne $\|\cdot\|_2$, indiquant que $|\langle x, y \rangle| \leq \|x\|_2 \|y\|_2$. Elle est fausse avec les normes 1 ou infini en général, et l'inégalité est dans le sens inférieur ou égal."
Deux normes $\|\cdot\|_\alpha$ et $\|\cdot\|_\beta$ sur un espace vectoriel $E$ sont dites équivalentes si :,il existe $c > 0$ tel que $\|x\|_\alpha \leq c\|x\|_\beta$ pour tout $x \in E$,il existe $c_1 \leq c_2$ tels que $\|x\|_\alpha = c_1\|x\|_\beta + c_2$ pour tout $x \in E$,"il existe $c_1, c_2 > 0$ tels que $c_1\|x\|_\alpha < \|x\|_\beta < c_2\|x\|_\alpha$ pour tout $x \in E$","il existe $c_1, c_2 > 0$ tels que $c_1\|x\|_\alpha \leq \|x\|_\beta \leq c_2\|x\|_\alpha$ pour tout $x \in E$",D,"L'équivalence de deux normes signifie qu'elles définissent la même topologie. Mathématiquement, cela se traduit par l'existence de deux constantes strictement positives $c_1$ et $c_2$ telles que $c_1\|x\|_\alpha \leq \|x\|_\beta \leq c_2\|x\|_\alpha$ pour tout $x \in E$."
Quelle est la relation d'équivalence entre les normes sur un espace vectoriel de dimension finie ?,Deux normes quelconques ne sont équivalentes que si l'espace est hilbertien.,"Seules les normes $\|\cdot\|_1$, $\|\cdot\|_2$ et $\|\cdot\|_\infty$ sont équivalentes entre elles.",Toutes les normes sur un espace vectoriel de dimension finie sont équivalentes.,Les normes ne sont équivalentes que si la dimension de l'espace est inférieure ou égale à 3.,C,"C'est un théorème fondamental du calcul différentiel : sur un espace vectoriel de dimension finie, toutes les normes sont équivalentes et définissent donc la même topologie, les mêmes ouverts, fermés, et notions de limite."
"Dans un espace normé $(E, \|\cdot\|)$, la boule ouverte de centre $a \in E$ et de rayon $r > 0$ est définie par :","$B(a,r) = \{x \in E : \|x - a\| \leq r\}$","$B(a,r) = \{x \in E : \|x - a\| > r\}$","$B(a,r) = \{x \in E : \|x - a\| < r\}$","$B(a,r) = \{x \in E : \|x - a\| = r\}$",C,"Par définition, une boule ouverte exclut la frontière. La condition de distance est donc strictement inférieure au rayon: $\|x-a\| < r$. La condition $\|x-a\| \leq r$ définit la boule fermée, tandis que $\|x-a\| = r$ définit la sphère."
"Dans un espace normé $(E, \|\cdot\|)$, la boule fermée de centre $a \in E$ et de rayon $r > 0$ est définie par :","$\overline{B}(a,r) = \{x \in E : \|x - a\| \leq r\}$","$\overline{B}(a,r) = \{x \in E : \|x - a\| = r\}$","$\overline{B}(a,r) = \{x \in E : \|x - a\| < r\}$","$\overline{B}(a,r) = \{x \in E : \|x - a\| \geq r\}$",A,"La boule fermée inclut sa frontière, c'est-à-dire l'ensemble des points dont la distance au centre est inférieure ou égale au rayon $r$. La notation standard est $\overline{B}(a,r)$ ou $B_f(a,r)$."
"Dans $\mathbb{R}^2$, à quoi ressemble géométriquement la boule unité fermée pour la norme $\|\cdot\|_1$ ?","Un disque de rayon $1$ centré à l'origine $(0,0)$.",Une ellipse de demi-grand axe $1$ et demi-petit axe $1/2$.,"Un losange (ou carré tourné) de sommets $(1,0)$, $(0,1)$, $(-1,0)$ et $(0,-1)$.","Un carré de sommets $(1,1)$, $(-1,1)$, $(-1,-1)$ et $(1,-1)$.",C,"La boule unité pour la norme 1 dans $\mathbb{R}^2$ est définie par $|x| + |y| \leq 1$. Les frontières sont les droites $x+y=1$, $x-y=1$, $-x+y=1$, $-x-y=1$, ce qui forme un losange reliant les points cardinaux d'abscisse et ordonnée $\pm 1$."
"Dans $\mathbb{R}^2$, à quoi ressemble géométriquement la boule unité fermée pour la norme $\|\cdot\|_\infty$ ?","Un disque de rayon $1$ centré à l'origine $(0,0)$.","Un losange de sommets $(1,0)$, $(0,1)$, $(-1,0)$ et $(0,-1)$.",Un hexagone régulier inscrit dans le cercle trigonométrique.,"Un carré de sommets $(1,1)$, $(-1,1)$, $(-1,-1)$ et $(1,-1)$.",D,"La boule fermée pour la norme infini est $\max(|x|,|y|) \leq 1$, ce qui impose à la fois $|x| \leq 1$ et $|y| \leq 1$. Cela définit un carré aligné avec les axes, s'étendant de $-1$ à $+1$ sur chaque coordonnée."
Soit $A$ une partie d'un espace normé $E$. On dit que $A$ est un ouvert de $E$ si :,"pour tout $x \in A$ et tout $y \notin A$, le segment $[x,y]$ coupe la frontière de $A$",le complémentaire de $A$ est un ensemble qui ne contient aucun point frontière de $A$,"pour tout $x \in A$, toutes les boules ouvertes de centre $x$ sont incluses dans $A$","pour tout $x \in A$, il existe un rayon $r > 0$ tel que $B(x,r) \subseteq A$",D,"Un ensemble $A$ est ouvert si chaque point de $A$ est un point intérieur, c'est-à-dire qu'on peut l'entourer d'une boule ouverte de rayon $r > 0$ entièrement contenue dans $A$."
Soit $F$ une partie d'un espace normé $E$. On dit que $F$ est un fermé de $E$ si :,son complémentaire $E \setminus F$ est un ensemble compact de $E$,il existe un point $x \in F$ tel qu'aucune boule ouverte centré en $x$ ne soit incluse dans $F$,son complémentaire $E \setminus F$ est un ouvert de $E$,"pour tout $x \in F$, il existe $r > 0$ tel que $B(x,r) \subseteq F$",C,"Par définition de la topologie induite par une norme, un ensemble est fermé si et seulement si son complémentaire dans l'espace de référence est un ouvert."
Comment définit-on l'adhérence (notée $\overline{A}$) d'une partie $A$ d'un espace normé $E$ ?,C'est l'ensemble des points de $A$ qui ne sont pas sur sa frontière.,C'est l'union de $A$ et de l'ensemble de ses points isolés.,C'est le plus grand ensemble ouvert contenu dans $A$.,C'est le plus petit ensemble fermé contenant $A$.,D,"L'adhérence d'un ensemble $A$ est l'intersection de tous les fermés contenant $A$. C'est donc, par définition, le plus petit fermé contenant $A$ (au sens de l'inclusion)."
Comment définit-on l'intérieur (noté $\mathring{A}$) d'une partie $A$ d'un espace normé $E$ ?,C'est le plus grand ensemble ouvert contenu dans $A$.,C'est le plus petit ensemble fermé contenant $A$.,C'est la réunion de $A$ et de sa frontière.,C'est l'ensemble des points d'accumulation de $A$.,A,L'intérieur d'un ensemble $A$ est la réunion de tous les ouverts de $E$ contenus dans $A$. C'est donc le plus grand ouvert contenu dans $A$.
La frontière $\partial A$ d'un ensemble $A$ dans un espace normé $E$ est définie par :,$\partial A = \overline{A} \setminus A$,$\partial A = \overline{A} \setminus \mathring{A}$,$\partial A = \overline{A} \cup \mathring{A}$,$\partial A = A \setminus \mathring{A}$,B,"La frontière d'un ensemble est la différence entre son adhérence (les points proches de $A$) et son intérieur (les points entourés uniquement de points de $A$). Ainsi, $\partial A = \overline{A} \setminus \mathring{A}$."
"Dans $\mathbb{R}^2$, de quel type topologique est l'ensemble $A = \{(x,y) \in \mathbb{R}^2 : x^2 + y^2 < 1\}$ ?",Fermé mais non ouvert.,Ni ouvert ni fermé.,À la fois ouvert et fermé.,Ouvert mais non fermé.,D,"L'ensemble est défini par une inégalité stricte $x^2+y^2 < 1$. C'est la boule ouverte unité, donc c'est un ouvert. Ce n'est pas fermé car sa frontière (le cercle unité) n'est pas incluse dans l'ensemble."
"Dans $\mathbb{R}^2$, de quel type topologique est l'ensemble $B = \{(x,y) \in \mathbb{R}^2 : x^2 + y^2 \leq 1\}$ ?",Ouvert mais non fermé.,Ni ouvert ni fermé.,Fermé mais non ouvert.,À la fois ouvert et fermé.,C,"L'ensemble contient sa frontière (le cercle unité) car l'inégalité est large ($\leq 1$). C'est la boule fermée unité, donc c'est un fermé. Ce n'est pas ouvert car aucun point de la frontière ne peut être entouré d'une boule incluse dans $B$."
"Dans $\mathbb{R}^2$, de quel type topologique est l'ensemble $C = \{(x,y) \in \mathbb{R}^2 : 0 < x^2 + y^2 \leq 1\}$ ?",À la fois ouvert et fermé.,Fermé mais non ouvert.,Ouvert mais non fermé.,Ni ouvert ni fermé.,D,"L'ensemble $C$ exclut le point $(0,0)$ (inégalité stricte à gauche) mais inclut la frontière externe (inégalité large à droite). Il ne contient pas tous ses points adhérents (il manque $(0,0)$) donc il n'est pas fermé, et certains de ses points (les points du cercle externe) ne sont pas intérieurs donc il n'est pas ouvert."
"Dans $\mathbb{R}^n$, d'après le théorème de Heine-Borel, un ensemble $K$ est compact si et seulement si :",$K$ est fermé et borné dans $\mathbb{R}^n$.,$K$ est ouvert et borné dans $\mathbb{R}^n$.,$K$ est connexe et fermé dans $\mathbb{R}^n$.,$K$ est convexe et borné dans $\mathbb{R}^n$.,A,"Dans un espace vectoriel de dimension finie comme $\mathbb{R}^n$, les parties compactes (de toute suite de laquelle on peut extraire une sous-suite convergente) sont exactement les parties fermées et bornées."
"Dans $\mathbb{R}^3$, calculer la norme 1 du vecteur $v = (2, -3, 4)$ :",$\|v\|_1 = 9$,$\|v\|_1 = \sqrt{29}$,$\|v\|_1 = 4$,$\|v\|_1 = 3$,A,La norme 1 est la somme des valeurs absolues des coordonnées : $\|v\|_1 = |2| + |-3| + |4| = 2 + 3 + 4 = 9$.
"Dans $\mathbb{R}^3$, calculer la norme euclidienne $\|\cdot\|_2$ du vecteur $v = (2, -3, 4)$ :",$\|v\|_2 = \sqrt{29}$,$\|v\|_2 = 5$,$\|v\|_2 = 9$,$\|v\|_2 = 29$,A,La norme euclidienne est la racine carrée de la somme des carrés des composantes : $\|v\|_2 = \sqrt{2^2 + (-3)^2 + 4^2} = \sqrt{4 + 9 + 16} = \sqrt{29}$.
"Dans $\mathbb{R}^3$, calculer la norme infini du vecteur $v = (2, -3, 4)$ :",$\|v\|_\infty = 9$,$\|v\|_\infty = \sqrt{29}$,$\|v\|_\infty = -3$,$\|v\|_\infty = 4$,D,"La norme infini est le maximum des valeurs absolues des coordonnées : $\|v\|_\infty = \max(|2|, |-3|, |4|) = \max(2, 3, 4) = 4$."
"Soit $(E, \|\cdot\|)$ un espace normé. Une suite $(x_k)_{k \in \mathbb{N}}$ d'éléments de $E$ est une suite de Cauchy si :","pour tout $\varepsilon > 0$, il existe $N \in \mathbb{N}$ tel que pour tout $k \geq N$, $\|x_k - x_0\| < \varepsilon$","pour tout $\varepsilon > 0$, il existe $N \in \mathbb{N}$ tel que pour tout $k \geq N$, $\|x_{2k} - x_k\| < \varepsilon$","pour tout $\varepsilon > 0$, il existe $N \in \mathbb{N}$ tel que pour tous $p, q \geq N$, $\|x_p - x_q\| < \varepsilon$","pour tout $\varepsilon > 0$, il existe $N \in \mathbb{N}$ tel que pour tout $k \geq N$, $\|x_{k+1} - x_k\| < \varepsilon$",C,"Par définition, une suite est de Cauchy si ses termes se rapprochent tous les uns des autres à partir d'un certain rang, soit : $\forall \varepsilon > 0, \exists N, \forall p, q \geq N, \|x_p - x_q\| < \varepsilon$. La condition $\|x_{k+1} - x_k\| \to 0$ est nécessaire mais insuffisante (ex: la série harmonique)."
"Un espace vectoriel normé $(E, \|\cdot\|)$ est dit un espace de Banach si :",la norme $\|\cdot\|$ dérive d'un produit scalaire interne sur $E$.,toute suite de Cauchy dans $E$ converge vers un élément de $E$.,toute suite bornée dans $E$ admet une sous-suite convergente.,toute suite convergente dans $E$ est de Cauchy.,B,"Un espace de Banach est, par définition, un espace vectoriel normé complet, ce qui signifie que toutes les suites de Cauchy de cet espace convergent vers une limite qui appartient également à cet espace."
"Un espace vectoriel normé $(E, \|\cdot\|)$ est dit un espace de Hilbert si :",il est de dimension finie et toutes ses normes sont équivalentes.,tous ses sous-espaces vectoriels fermés sont de dimension finie.,il est complet et sa norme est induite par un produit scalaire.,toute suite de Cauchy admet une sous-suite convergente.,C,"Un espace de Hilbert est un espace préhilbertien (muni d'un produit scalaire) qui est complet pour la norme associée, c'est-à-dire un espace de Banach dont la norme dérive d'un produit scalaire."
"Pour $p, q > 1$ tels que $\frac{1}{p} + \frac{1}{q} = 1$, l'inégalité de Hölder dans $\mathbb{R}^n$ énonce que :",$\sum_{i=1}^n |x_i y_i| \leq \|x\|_p + \|y\|_q$,$\sum_{i=1}^n |x_i y_i| \geq \|x\|_p \cdot \|y\|_q$,$\sum_{i=1}^n |x_i y_i| \leq \|x\|_p^p \cdot \|y\|_q^q$,$\sum_{i=1}^n |x_i y_i| \leq \|x\|_p \cdot \|y\|_q$,D,L'inégalité de Hölder est une généralisation de l'inégalité de Cauchy-Schwarz (qui correspond au cas $p=q=2$). Elle s'écrit $\sum |x_i y_i| \leq \|x\|_p \|y\|_q$ pour des exposants conjugués.
L'inégalité de Minkowski pour la norme $p$ (avec $p \geq 1$) dans $\mathbb{R}^n$ correspond à :,$\|x+y\|_p^p \leq \|x\|_p^p + \|y\|_p^p$,$\|x+y\|_p \leq \|x\|_p \cdot \|y\|_p$,$\|x+y\|_p \leq \|x\|_p + \|y\|_p$,$\|x+y\|_p \geq \|x\|_p + \|y\|_p$,C,"L'inégalité de Minkowski n'est autre que l'inégalité triangulaire pour la norme $\|\cdot\|_p$, démontrant ainsi que $\|\cdot\|_p$ est bien une norme sur $\mathbb{R}^n$ pour $p \geq 1$."
Soit $A \subseteq \mathbb{R}^n$. L'ensemble $A$ est dit convexe si :,"pour tous $x, y \in A$, le milieu du segment $[x, y]$ appartient à la frontière de $A$","pour tous $x, y \in A$ et tout $t \in [0, 1]$, $tx + (t-1)y \in A$","pour tous $x, y \in A$ et tout $t \in [0, 1]$, $tx + (1-t)y \in A$","pour tout $x \in A$, il existe $r > 0$ tel que $B(x,r) \subseteq A$",C,"Un ensemble est convexe si, pour tout couple de points dans l'ensemble, le segment reliant ces deux points est entièrement contenu dans l'ensemble. Algébriquement, cela s'exprime par la combinaison convexe $tx + (1-t)y \in A$ pour tout $t \in [0,1]$."
